text,risk
"We will share your data with third-party advertisers without your explicit consent.",high
"We may use your personal information to improve our service.",medium
"You can request to delete your data at any time.",safe
"We do not sell your personal information.",safe
"Your data may be transferred to any country, regardless of its data protection laws.",high
"We use cookies to enhance your user experience and for analytics.",medium
"You can opt-out of marketing communications at any time by clicking the unsubscribe link.",safe
"We reserve the right to share your personally identifiable information with our partners and affiliates.",high
"We use aggregated, non-identifiable data for research and statistical purposes.",medium
"All financial transactions are processed securely using 128-bit SSL encryption.",safe
"By using this service, you grant us a perpetual, irrevocable, worldwide license to use, modify, and distribute your user-generated content.",high
"We retain your data for as long as your account is active or as needed to comply with our legal obligations.",medium
"We only collect personal information that is necessary to provide you with our services.",safe
"We may change this privacy policy at any time without prior notice.",high
"We may share your information with trusted service providers who perform functions on our behalf, such as payment processing or web hosting.",medium
"You have the right to access, correct, or update your personal information.",safe
"We are not responsible for the privacy practices of any third-party websites or services linked to from our site.",high
"We use third-party analytics services like Google Analytics to understand how our users interact with our website.",medium
"We do not knowingly collect personal information from children under the age of 13.",safe
"We may use tracking pixels and web beacons to monitor your activity across different websites for advertising purposes.",high
"Your information may be stored and processed on servers located outside of your home country.",medium
"We implement reasonable security measures to protect your data, but we cannot guarantee absolute security.",medium
"We do not sell, trade, or rent your personal identification information to others.",safe
"We may disclose your information if required to do so by law or in response to a valid legal request.",medium
"We may sell, transfer, or share your data in connection with a merger, acquisition, or sale of assets.",high
"You can control or delete cookies through your browser settings.",safe
"Your data is used to personalize content and advertisements.",medium
"We are not liable for any data breach or unauthorized access that occurs despite our security measures.",high
"We will notify you of any significant changes to this policy via email or a prominent notice on our site.",safe
"We may use your email address to send you promotional materials, from which you can opt-out.",medium
"We may sell, lease, or rent your personal information to any third party at our sole discretion.",high
"You have the right to request a copy of all personal data we hold about you.",safe
"We use anonymized data to improve our algorithms and service features.",medium
"By accepting these terms, you waive your right to participate in a class-action lawsuit.",high
"We will provide 30 days' notice of any material changes to this privacy policy.",safe
"We may use your personal information to make automated decisions, including credit scoring, without human review.",high
"We retain your data for a period of five years after you close your account.",medium
"All user data is encrypted at rest and in transit.",safe
"We are not liable for any damages, direct or indirect, arising from your use of this service.",high
"This service is intended for users in the United States. If you are outside the US, your data will be transferred here.",medium
"You can permanently delete your account and all associated data from your user profile.",safe
"Your data will be permanently and irrevocably stored on our servers.",high
"We use your activity data to recommend content and features you might like.",medium
"We will only share your data with law enforcement if we receive a valid warrant or subpoena.",safe
"We may monitor your communications, including emails and messages, for any purpose.",high
"We may send you occasional promotional offers and newsletters related to our service.",medium
"Our services are not intended for children under 16, and we do not collect their data.",safe
"This policy can be updated at any time, and your continued use of the service constitutes acceptance of the new terms.",high
"We use session cookies to remember your preferences during your visit.",medium
"You retain full ownership of all user-generated content you post on our service.",safe
"We combine your data with information from data brokers to build a detailed profile of you.",high
"We may share your information with our parent company and other companies in our corporate group.",medium
"We use two-factor authentication to secure your account.",safe
"We place tracking cookies on your browser that will follow you across the internet to deliver targeted ads.",high
"We use third-party payment processors to handle your financial information.",medium
"We do not share your personal information with any third parties for their marketing purposes.",safe
"You grant us an unlimited, royalty-free license to use your name, likeness, and user content in our marketing materials.",high
"We will comply with all valid legal requests for data.",medium
"You may opt-out of all non-essential communications.",safe
"We are not responsible for what our third-party partners do with your data.",high
"We log your IP address and browser type for security and debugging purposes.",medium
"Our data processing is compliant with the General Data Protection Regulation (GDPR).",safe
"Failure to provide any requested information may result in termination of your account.",high
"If we are involved in a merger, your data will be transferred to the new owner.",medium
"We conduct regular security audits to protect against vulnerabilities.",safe
"We may share your precise geolocation data with our advertising partners.",high
"We use aggregated data for marketing and advertising reports.",medium
"We only collect the minimum amount of data necessary to provide our service.",safe
"All user-generated content becomes the exclusive property of our company.",high
"We may use your data to enforce our terms of service.",medium
"You can browse our website anonymously without providing personal information.",safe
"We assume no responsibility for the deletion, mis-delivery, or failure to store any user data.",high
"We use a third-party service to manage our customer support chat.",medium
"We will not use your data for automated decision-making without your explicit consent.",safe
"Arbitration must be conducted on an individual basis, not as a class action.",high
"We may display targeted advertisements based on your general location (city or state).",medium
"We delete your personal data after it is no longer needed for the purpose it was collected.",safe
"We may use your biometric data, such as fingerprints or facial scans, for any business purpose.",high
"We implement industry-standard security practices, but no system is 100% secure.",medium
"We provide clear and easily accessible information about our data practices.",safe
"We reserve the right to refuse service to anyone for any reason at any time.",high
"We may use cookies from our partners for affiliate marketing.",medium
"You have the right to withdraw your consent for data processing at any time.",safe
"Your data may be shared with government agencies without your consent, even if not required by law.",high
"We will retain your data as long as necessary to provide the service.",medium
"We will never ask for your password in an unsolicited email.",safe
"You agree to indemnify and hold us harmless from any claims arising out of your use of the service.",high
"This policy is governed by the laws of the State of Delaware.",medium
"We only use cookies that are strictly necessary for the functioning of the website.",safe
"We do not offer any warranties, express or implied, about the service.",high
"We use your device ID to send push notifications, which you can disable in your settings.",medium
"We will not share your data with advertisers, but we may show you ads based on your on-site activity.",medium
"All disputes must be resolved through binding arbitration in San Francisco, California.",high
"You are responsible for maintaining the confidentiality of your own password.",safe
"We may share your email with marketing partners.",high
"We reserve the right to terminate your account for any violation of these terms.",medium
"We use essential cookies for login and security.",safe
"Your data is processed in a country that may not have the same data protection laws as yours.",medium
The "We may use your data to enforce our terms of service" clause is labeled as 'medium'.
"We may collect and record your keyboard strokes and mouse movements to analyze user behavior.",high
"Your account can be suspended if you use a VPN or any anonymity tool.",medium
"Data is stored in encrypted shards across multiple cloud providers.",safe
"We claim ownership of any ideas or suggestions you submit through our feedback form.",high
"Third parties may use your data to create a 'shadow profile' even if you don't have an account.",high
"We use SSL/TLS protocols to protect data in transit.",safe
"We reserve the right to monitor your private messages to ensure compliance with our rules.",high
"Your IP address is used to determine your approximate geographic location for local content.",medium
"You can download a machine-readable file of your data via the settings dashboard.",safe
"We do not guarantee that the service will be available at all times or in all locations.",medium
"We may share your browsing history with insurance companies for risk assessment.",high
"You are prohibited from reverse-engineering any part of our software.",medium
"We provide a 'Clear History' tool to delete cookies and tracking identifiers.",safe
"Your data may be used to train our proprietary artificial intelligence models without further notice.",high
"We may use your contact list to invite your friends to the service.",medium
"You have the right to be forgotten and can request total data erasure.",safe
"We are not liable for any malware or viruses transmitted through the use of our site.",high
"We use session-replay software to watch your interactions with our website.",high
"Automated bots are used to scan your uploaded files for illegal content.",medium
"We do not track your activity across other websites.",safe
"By signing up, you agree to receive phone calls from our sales team.",medium
"We may sell your browsing patterns to hedge funds for market analysis.",high
"Our privacy policy is translated into multiple languages for better accessibility.",safe
"We may update our fees at any time with only 24 hours' notice.",high
"We share your data with our logistics partners to fulfill your orders.",medium
"Cookies are deleted automatically when you close your browser tab.",safe
"We may use your profile picture in public advertisements without compensation.",high
"Your data is backed up daily to prevent accidental loss.",safe
"We may disclose your health data to research partners for commercial purposes.",high
"We use your purchase history to suggest similar products.",medium
"We do not store your credit card information on our servers.",safe
"We may share your data with political campaigns for targeted messaging.",high
"We use a CDN to deliver images faster to your location.",medium
"You can manage your privacy settings directly from the mobile app.",safe
"We reserve the right to change the jurisdiction of our legal disputes at any time.",high
"We use heatmaps to identify which parts of our page are most popular.",medium
"Our data centers are protected by 24/7 physical security guards.",safe
"We may cross-reference your data with public social media profiles.",high
"We use your microphone only when you explicitly click the record button.",medium
"All data processing is audited by independent third-party firms annually.",safe
"We may share your unique device identifier with mobile ad networks.",high
"We may limit the amount of storage space available to free users.",medium
"We provide a detailed list of all third-party sub-processors we use.",safe
"We can delete your content if it hasn't been accessed for 6 months.",medium
"We may use your data to determine your creditworthiness for third-party loans.",high
"You may choose which types of cookies to accept or reject.",safe
"We may sell 'de-identified' data that could potentially be re-identified later.",high
"Your data is used to prevent fraudulent transactions and identity theft.",medium
"We do not use any tracking pixels in our emails.",safe
"We may disclose your data to foreign governments even without a formal treaty.",high
"We use your email to send password reset instructions.",safe
"We may record your voice interactions to improve our voice recognition software.",medium
"Your data is never shared with any company outside of our direct ownership.",safe
"We may use your metadata to determine your daily routines and habits.",high
"We use cookies to keep you logged in across different sessions.",medium
"We provide a clear 'Privacy at a Glance' summary for all users.",safe
"We may terminate this agreement if we go out of business.",medium
"We reserve the right to use your likeness in any media now known or hereafter devised.",high
"You can request a correction of your data if it is inaccurate.",safe
"We use your data to troubleshoot technical issues with your account.",medium
"We may use 'web beacons' that cannot be disabled by standard browser settings.",high
"We strictly follow the 'Privacy by Design' framework.",safe
"We share your data with debt collection agencies if you fail to pay.",medium
"We may auction off your user data if we file for bankruptcy.",high
"We use encrypted tokens to verify your identity.",safe
"We may monitor your screen during support sessions with your permission.",medium
"We may analyze your private files to serve you targeted ads.",high
"We notify you within 72 hours of discovering a data breach.",safe
"We may share your data with university researchers for academic studies.",medium
"We reserve the right to sue you for any negative reviews you post online.",high
"Our software may occasionally check for updates in the background.",medium
"We do not use your data for any profile-building or automated tracking.",safe
"We may share your data with telemarketing companies.",high
"We use your zip code to show you the nearest store locations.",medium
"You have the right to object to the processing of your data for marketing.",safe
"We may change the terms of service without any notification to you.",high
"We use third-party fonts that may collect your IP address.",medium
"All employees undergo mandatory data privacy training.",safe
"We may disclose your information to 'affiliates' which include unknown future entities.",high
"We use your data to comply with tax and accounting regulations.",medium
"We offer a 'Privacy Mode' that disables all non-essential tracking.",safe
"We may use your data to influence your voting behavior through targeted content.",high
"We use a load balancer to distribute traffic across our servers.",medium
"Your data is stored in the cloud using industry-standard encryption.",safe
"We may share your data with 'strategic partners' for undisclosed purposes.",high
"We use your age to ensure you only see age-appropriate content.",medium
"We provide a dedicated privacy contact email for all user inquiries.",safe
"We reserve the right to sell your email address to the highest bidder.",high
"We use your usage patterns to decide which new features to build.",medium
"We provide an easy-to-find 'Delete My Account' button.",safe
"We may use deep-packet inspection to analyze your network traffic.",high
"We use your phone number for two-factor authentication only.",safe
"We may share your data with insurance companies to adjust your premiums.",high
"We use your location to calculate shipping costs.",medium
"We publish a yearly transparency report regarding government data requests.",safe
"We may share your data with 'unnamed partners' for marketing research.",high
"We use anonymous identifiers instead of names in our internal databases.",safe
"We may use your data to predict your future health risks.",high
"We store your data for 30 days after account deletion to allow for recovery.",medium
"We allow you to opt-out of all data sales with one click.",safe
"We may share your biometric identifiers with law enforcement without a warrant.",high
"Your browsing history is sold to data brokers to create a consumer profile.",high
"You waive your right to a jury trial and agree to binding arbitration.",high
"We reserve the right to modify these terms without providing any notice.",high
"By using this app, you grant us access to your entire contact list and call logs.",high
"We are not liable for any identity theft resulting from our security breaches.",high
"We may use your personal photos for our global marketing campaigns.",high
"Your private messages are scanned to serve you personalized advertisements.",high
"We reserve the right to sell the company and all user data to any entity.",high
"You cannot delete your account once it has been created.",high
"We track your location even when the app is not in use.",high
"We may disclose your sensitive medical information to third-party insurers.",high
"You agree to indemnify us against all legal costs arising from your content.",high
"We use keylogging software to monitor how you interact with our platform.",high
"Your data is stored indefinitely, even after you close your account.",high
"We may share your data with political organizations for profiling.",high
"We reserve the right to terminate your access for any reason without notice.",high
"Any content you post becomes our exclusive intellectual property.",high
"We may use your device's processing power to mine cryptocurrency.",high
"We are not responsible for the accuracy of any information on our site.",high
"We use 'zombie cookies' that recreate themselves after you delete them.",high
"Your data may be transferred to jurisdictions with no privacy protections.",high
"We may listen to your microphone audio to improve voice recognition.",high
"We share your financial transaction history with credit rating agencies.",high
"You agree not to post any negative reviews about our service.",high
"We may change our pricing and charge your saved card automatically.",high
"We do not offer refunds under any circumstances.",high
"We may use your likeness and name for promotional purposes worldwide.",high
"Our software may install third-party applications without your consent.",high
"We may monitor your screen during your use of the service.",high
"We share your precise GPS coordinates with advertising partners.",medium
"Your data is used to personalize the prices of products you see.",medium
"We use third-party cookies to track your activity on our website.",medium
"We may retain your data for up to 7 years for tax purposes.",medium
"Your information is shared with our corporate parent and subsidiaries.",medium
"We use automated systems to filter out spam and offensive content.",medium
"We may record your IP address and browser fingerprint.",medium
"Your profile is visible to other registered users by default.",medium
"We use Google Analytics to study user demographics.",medium
"We may contact you via phone for customer satisfaction surveys.",medium
"Your data is stored on third-party cloud servers like AWS or Azure.",medium
"We use your data to enforce our Terms of Service.",medium
"We may share anonymized data with academic researchers.",medium
"Your account may be deactivated after 12 months of inactivity.",medium
"We use session-replay tools to troubleshoot technical bugs.",medium
"We may display targeted ads based on your interest categories.",medium
"Your data is encrypted, but we hold the decryption keys.",medium
"We share information with vendors who help us process payments.",medium
"We may send you weekly newsletters which you can opt-out of.",medium
"We use your age to restrict access to certain content.",medium
"Your data is used to improve our internal machine learning models.",medium
"We may update our privacy policy and notify you via a site banner.",medium
"We use localized servers to improve page load speeds.",medium
"Your feedback may be used to develop new product features.",medium
"We may use your email to notify you of suspicious login attempts.",medium
"Your data is shared with shipping partners to deliver orders.",medium
"We use pixels to track if you opened our marketing emails.",medium
"We may disclose your data if we believe it is necessary for safety.",medium
"Your public posts may be indexed by search engines like Google.",medium
"We use your device ID to send you push notifications.",medium
"We do not sell your personal information to third parties.",safe
"You have the right to request a copy of all data we store.",safe
"All user data is encrypted with AES-256 at rest.",safe
"You can delete your account and all associated data at any time.",safe
"We only collect the minimum data needed to provide the service.",safe
"We will notify you 30 days in advance of any material policy changes.",safe
"We do not track your activity across other websites or apps.",safe
"You can opt-out of all non-essential cookies via our settings.",safe
"We conduct quarterly independent security audits.",safe
"Your data is never shared with advertisers without explicit consent.",safe
"We comply fully with GDPR and CCPA privacy standards.",safe
"You retain full ownership of all content you create.",safe
"We use two-factor authentication to protect your account.",safe
"We mask your IP address before storing it in our analytics.",safe
"We do not collect any data from children under the age of 16.",safe
"You can download your data in a portable JSON format.",safe
"We provide a clear list of all third parties we work with.",safe
"Your data is automatically deleted after 2 years of inactivity.",safe
"We do not use automated decision-making for credit or jobs.",safe
"We only use 'Strictly Necessary' cookies by default.",safe
"Your information is stored only in the European Economic Area.",safe
"We will never ask for your password or sensitive info via email.",safe
"You can revoke your consent for data processing at any time.",safe
"We use industry-standard hashing for all user passwords.",safe
"We do not record or monitor your private communications.",safe
"Your data is used solely for the purpose you provided it for.",safe
"We provide a dedicated data protection officer for your queries.",safe
"You can browse our site without creating an account.",safe
"We anonymize all data used for research and statistics.",safe
"We protect your data with physical and electronic safeguards.",safe
"We do not use your data for targeted or behavioral advertising.",safe
"We will obtain your consent before using your microphone or camera.",safe
"We do not share your data with law enforcement without a warrant.",safe
"You can control who sees your profile in the privacy settings.",safe
"We use HTTPS for all data transfers.",safe
"We do not participate in any data-sharing pools or cooperatives.",safe
"You will be notified immediately in the event of a data breach.",safe
"We provide a 'Right to Rectification' to fix any data errors.",safe
"We do not use tracking beacons or hidden pixels.",safe
"Your data is never used to train external AI models.",safe
"We may use your data for targeted advertising across social media.",high
"Your account can be deleted by us for any reason, with no appeal.",high
"We reserve a perpetual license to use your content for any purpose.",high
"We share your behavioral data with third-party data aggregators.",high
"We are not responsible for any data leaks from our partners.",high
"You waive the right to participate in any class action lawsuit.",high
"We may sell your contact information to third-party telemarketers.",high
"Your data will be used to create a profile of your political views.",high
"We do not guarantee the security of any data transmitted to us.",high
"We may share your data with companies in countries with no privacy laws.",high
"You agree that we can record your screen during account use.",high
"We reserve the right to read your private emails for quality control.",high
"Your data is shared with insurance companies for health profiling.",high
"We may charge your credit card for renewals without prior notice.",high
"You are responsible for all damages caused by your use of our site.",high
"We may use your photos to train facial recognition software.",high
"We do not allow you to opt-out of any data collection.",high
"Your data may be shared with government agencies upon request.",high
"We may track your offline activity using data from partners.",high
"We reserve the right to use your name in our global promotions.",high
"Your data is used to build a profile for automated credit scoring.",high
"We may share your browsing habits with your employer.",high
"We are not liable for any loss of profit resulting from our service.",high
"We may record your phone calls with our support team for any use.",high
"You grant us a royalty-free license to sell your content.",high
"We may use your data to predict your future purchasing behavior.",high
"Your location is shared with local law enforcement in real-time.",high
"We do not disclose the names of the third parties we share data with.",high
"We may use your data to serve ads on behalf of tobacco or gambling firms.",high
"We can change the price of your subscription at any time.",high
"We use your purchase history to determine your insurance premiums.",high
"Your IP address is linked to your real identity for ad tracking.",medium
"We use cookies to remember your login details for your next visit.",medium
"Your data is shared with our email service provider for newsletters.",medium
"We may use your data to send you targeted offers on your birthday.",medium
"Your information is stored on secure servers located in the USA.",medium
"We use third-party analytics to track which pages you visit.",medium
"Your account information is kept as long as you are a customer.",medium
"We may share aggregated data that does not identify you.",medium
"Your feedback is used to improve our software and services.",medium
"We use your phone number to send verification codes.",medium
"Your data is shared with our payment processor to handle billing.",medium
"We use your location to show you relevant local weather updates.",medium
"Your data is encrypted during transmission using SSL technology.",medium
"We may update our terms and post the date of the last revision.",medium
"Your profile information is shared with other users you connect with.",medium
"We use 'tags' to organize our database and improve performance.",medium
"Your data is backed up to prevent loss in case of a server failure.",medium
"We may use your data to prevent unauthorized access to our site.",medium
"Your email is used to send you important service updates.",medium
"We use non-identifiable data to conduct market research.",medium
"Your data is stored for 90 days after you close your account.",medium
"We use cookies to see which language you prefer.",medium
"Your information is shared with subcontractors who work for us.",medium
"We may use your data to comply with a subpoena or court order.",medium
"Your interactions with our ads are recorded for billing purposes.",medium
"We use your device type to format our website correctly.",medium
"Your data is used to verify your identity during password resets.",medium
"We may share your data with our legal advisors if needed.",medium
"Your usage data is used to help us find and fix software bugs.",medium
"We use your email address to send you marketing materials you requested.",medium
"We do not share your data with any third parties for profit.",safe
"You can request that we delete your personal data at any time.",safe
"We use end-to-end encryption for all your private messages.",safe
"You have the right to object to any data processing we perform.",safe
"We only collect the data we absolutely need to run the service.",safe
"We will notify you by email before making any major policy changes.",safe
"You can opt-out of all tracking and profiling in your settings.",safe
"We do not use any third-party tracking cookies on our site.",safe
"Your data is stored in a secure, SOC2-compliant data center.",safe
"We do not use your personal information for marketing purposes.",safe
"You own all the data and content you upload to our platform.",safe
"We offer a clear and simple way to export your data.",safe
"We do not collect or store any highly sensitive personal data.",safe
"Your data is automatically anonymized after 12 months.",safe
"We do not share your info with law enforcement without a court order.",safe
"You can use our service without providing your real name.",safe
"We use privacy-preserving analytics that do not track individuals.",safe
"We do not use your data to profile you or predict your behavior.",safe
"You are in full control of your privacy settings at all times.",safe
"We follow the principle of data minimization in everything we do.",safe
"We do not sell, rent, or lease our customer lists to third parties.",safe
"You have the right to access a report on how we use your data.",safe
"We use standard security protocols to protect your information.",safe
"We do not use cookies to track you after you leave our site.",safe
"Your data is never used to target you with third-party ads.",safe
"We delete your data immediately upon your request.",safe
"We provide a clear and easy-to-read summary of our terms.",safe
"We do not use automated bots to analyze your private content.",safe
"You can choose to use the service anonymously.",safe
"We strictly limit employee access to your personal information.",safe
"We may use your data to facilitate behavioral advertising from our partners.",high
"Your account information will be shared with the acquirer if we are sold.",medium
"All passwords are salted and hashed using Argon2.",safe
"We reserve the right to modify your user content for any promotional purpose.",high
"We use session cookies to keep you logged in during your visit.",safe
"Your data may be shared with credit bureaus to assess your financial standing.",high
"We track your mouse movements to improve our user interface design.",medium
"You can request a data portability export in CSV format.",safe
"We may use your personal data to train large language models (LLMs).",high
"We retain server logs for 30 days to troubleshoot technical errors.",safe
"By using the site, you waive your right to a class action lawsuit.",high
"We may display your username and profile photo next to your reviews.",medium
"We do not track users who have 'Do Not Track' enabled in their browser.",safe
"We may share your device's unique MAC address with advertisers.",high
"We use your contact info to send account-related notifications only.",safe
"Our employees may access your private messages for safety moderation.",high
"We use third-party fonts that may log your IP address.",medium
"We provide a clear list of all third-party sub-processors we use.",safe
"We may share your browsing habits with insurance providers.",high
"Your data is stored in data centers located in the United States.",medium
"We use end-to-end encryption for all data synced to the cloud.",safe
"We reserve the right to sell your email address to our affiliates.",high
"We use your age to ensure compliance with local labor laws.",medium
"You can delete your account via a simple button in your profile settings.",safe
"We may use your device as a proxy for other users' network traffic.",high
"We use heatmaps to see which parts of the page you click on.",medium
"We only collect the data necessary for the functionality of the app.",safe
"Your data will be used to create a digital twin for marketing simulations.",high
"We share your location data with emergency services when requested.",medium
"We do not sell your data to any third parties for their own use.",safe
"We may record your screen during customer support calls.",high
"We use cookies for load balancing and to speed up site performance.",medium
"You have the right to restrict the processing of your data.",safe
"We may share your precise GPS location with third-party ad networks.",high
"Your data is used to provide personalized content recommendations.",medium
"We notify all users within 24 hours of a confirmed security breach.",safe
"We reserve the right to terminate your account for 'any' reason.",high
"We use your phone number for two-factor authentication purposes.",medium
"We do not store your credit card's CVV or full number.",safe
"We may use your data to verify your identity against government databases.",high
"Your information is stored for as long as your subscription is active.",medium
"We allow you to opt-out of all marketing communications easily.",safe
"We may use your data to predict your future health conditions.",high
"We use non-identifiable data for research and analytics.",medium
"We follow industry-standard security practices to protect your data.",safe
"We may sell your purchase history to market research firms.",high
"Your data is shared with our parent company for administrative purposes.",medium
"We provide a detailed privacy dashboard for all users.",safe
"By using this service, you grant us a perpetual license to your data.",high
"We use third-party analytics to understand app performance.",medium
"We do not collect sensitive data like race, religion, or orientation.",safe
"We may monitor your social media activity to verify your identity.",high
"Your data is transferred to our global offices for processing.",medium
"You retain full copyright ownership of your uploaded files.",safe
"We are not liable for any data breaches caused by third-party plugins.",high
"We use your IP address to prevent fraudulent logins.",medium
"We do not use any hidden tracking pixels or web beacons.",safe
"We may use your data to show you ads on behalf of alcohol brands.",high
"Your information is stored in a secure, encrypted database.",medium
"We offer an easy way to correct inaccurate personal information.",safe
"We may share your data with companies involved in an IPO.",high
"We use your email address to send you our monthly newsletter.",medium
"We perform regular penetration testing to secure our infrastructure.",safe
"We may use your data to determine your credit limit.",high
"Your data is shared with our customer support software provider.",medium
"We do not use your data for any automated decision-making.",safe
"We may record your voice if you use our voice-command features.",high
"We use cookies to remember your font size preferences.",medium
"We provide a direct email for our Data Protection Officer.",safe
"We reserve the right to use your content for AI training without consent.",high
"Your data is deleted after 3 years of inactivity on our platform.",medium
"We use SSL/TLS for all communication between you and our servers.",safe
"We may share your browsing history with government agencies.",high
"We use your zip code to show you local pricing and availability.",medium
"We do not use cookies to track your activity across other websites.",safe
"We may use your data to show you ads for products you cannot afford.",high
"Your data is shared with our hosting provider, Amazon Web Services.",medium
"We offer a simplified privacy policy written in plain English.",safe
"We may sell your location history to urban planning companies.",high
"We use your device ID to identify you across different devices.",medium
"We do not participate in cross-contextual behavioral advertising.",safe
"We may use your data to prevent you from accessing certain websites.",high
"Your information is stored on redundant servers for reliability.",medium
"We allow you to request a copy of the data we have on you.",safe
"We may share your biometric data with our security partners.",high
"We use your purchase history to offer you relevant coupons.",medium
"We do not store any logs of your IP address or browsing history.",safe
"We may use your data to target you with political advertisements.",high
"Your data is processed in the country where you reside.",medium
"We use two-factor authentication for all administrative access.",safe
"We may disclose your data to satisfy any applicable law or regulation.",high
"We use your data to optimize our website for your device type.",medium
"We provide an option to disable all personalized advertisements.",safe
"We may use your data to create a rating of your social behavior.",high
"Your info is shared with service providers for anti-fraud checks.",medium
"We do not use your personal information for any profiling.",safe
"We may share your data with partners for their own marketing purposes.",high
"We use your data to personalize the look and feel of the app.",medium
"We only retain your data for the duration of your session.",safe
"We reserve the right to read your private messages for quality assurance.",high
"We use your email to send you updates about your orders.",medium
"We undergo annual SOC2 compliance audits.",safe
"We may sell your mobile number to SMS marketing companies.",high
"Your data is stored in the cloud for high availability.",medium
"We provide a clear explanation of how we use every data field.",safe
"We may use your data to make automated decisions about your job.",high
"We use your location to calculate taxes on your purchases.",medium
"We do not share your data with any law enforcement without a warrant.",safe
"We may use your data to serve ads on behalf of third-party candidates.",high
"Your data is shared with our logistics partner for delivery.",medium
"We do not track your location when the app is closed.",safe
"We may use your data to track your physical movements via Bluetooth.",high
"We use cookies to prevent Cross-Site Request Forgery (CSRF) attacks.",medium
"We allow you to delete individual pieces of data from your history.",safe
"We reserve the right to transfer your data to any country worldwide.",high
"Your data is used to analyze trends and user engagement.",medium
"We do not use web beacons or clear GIFs.",safe
"We may share your medical history with pharmaceutical companies.",high
"We use your contact info to send you SMS alerts you signed up for.",medium
"We conduct regular data protection impact assessments.",safe
"We may use your data to deny you insurance coverage.",high
"Your data is shared with our accounting software for billing.",medium
"We do not use your data for any third-party advertising.",safe
"We reserve the right to record your webcam during the service.",high
"We use your device's battery level to optimize our background tasks.",medium
"We allow you to download all your data in a human-readable format.",safe
"We may share your data with law enforcement for 'national security'.",high
"Your data is shared with our marketing automation tool.",medium
"We provide a list of all cookies used on our website.",safe
"We may sell your metadata to companies for algorithmic training.",high
"We use your data to verify your age for restricted content.",medium
"We do not use automated systems to scan your private content.",safe
"We may use your data to influence your purchasing decisions.",high
"Your information is stored on servers in the European Union.",medium
"We provide a simple way to opt-out of data sharing with affiliates.",safe
"We reserve the right to use your personal images in our commercials.",high
"We use your data to improve the accuracy of our search results.",medium
"We do not share your data with any government agencies voluntarily.",safe
"We may share your data with debt collection agencies without notice.",high
"Your data is used to provide you with local weather and news.",medium
"We use hardware-level security modules to protect your keys.",safe
"We may use your data to target ads to your family members.",high
"Your data is shared with our analytics partner, Mixpanel.",medium
"We do not use your data for credit scoring or insurance purposes.",safe
"We reserve the right to share your information with political groups.",high
"We use your data to manage your subscription and payments.",medium
"We provide a data retention schedule in our privacy policy.",safe
"We may use your data to build a profile of your psychological traits.",high
"Your information is kept for 5 years for legal compliance.",medium
"We do not share your data with social media companies.",safe
"We may share your data with our sponsors for their own events.",high
"We use your data to diagnose crashes and performance issues.",medium
"We provide a simple way to withdraw your consent.",safe
"We reserve the right to sell your browsing history to anyone.",high
"Your data is shared with our email delivery service, SendGrid.",medium
"We do not use any third-party fonts or trackers.",safe
"We may use your data to monitor your productivity at work.",high
"We use your data to provide you with customer support.",medium
"We conduct regular training for our staff on data privacy.",safe
"We may share your data with third parties to show you targeted ads.",high
"Your data is stored on our own private, secure servers.",medium
"We offer a 24/7 support line for privacy-related issues.",safe
"We reserve the right to change your privacy settings at any time.",high
"We use your data to determine which ads to show you on our site.",medium
"We do not track your IP address for any purpose.",safe
"We may share your data with retailers to track your offline purchases.",high
"Your info is shared with our legal team in case of a dispute.",medium
"We use privacy-by-design principles in our product development.",safe
"We reserve the right to share your data with the police for any reason.",high
"We use your data to send you push notifications about new features.",medium
"We do not use your data to track you across different devices.",safe
"We may use your data to predict your likelihood of quitting.",high
"Your data is shared with our feedback management tool.",medium
"We provide a clear link to our privacy policy on every page.",safe
"We reserve the right to use your content for marketing in perpetuity.",high
"We use your data to show you products that are popular in your area.",medium
"We do not use any cross-site tracking technologies.",safe
"We may sell your data to brokers who specialize in financial profiles.",high
"Your data is shared with our cloud infrastructure provider.",medium
"We allow you to choose which types of data we collect.",safe
"We reserve the right to share your data with any of our partners.",high
"We use your data to verify that you are a real person and not a bot.",medium
"We do not share your data with any advertising networks.",safe
"We may use your data to target you with high-interest loan offers.",high
"Your data is shared with our tax consultants for legal reporting.",medium
"We provide a simple way to access, edit, and delete your data.",safe
"We reserve the right to record your keystrokes for security auditing.",high
"We use your data to personalize your user experience on our app.",medium
"We do not use any cookies for advertising or tracking.",safe
"We may share your data with companies that build facial recognition.",high
"Your data is shared with our customer relationship management (CRM) tool.",medium
"We provide a 'Privacy Mode' that stops all data collection.",safe
"We reserve the right to share your information with anyone we choose.",high
"We use your data to provide you with relevant content and ads.",medium
"We do not use any tracking pixels or third-party cookies.",safe
"We may use your data to track your health and fitness progress.",high
"Your data is shared with our internal data analysis team.",medium
"We provide an easy way to opt-out of all non-essential data collection.",safe
"We reserve the right to use your data for any business purpose we see fit.",high
"We use your data to improve our products and services.",medium
"We do not share your personal data with any outside organizations.",safe
"We may share your data with insurance companies to evaluate your risk.",high
"Your data is shared with our technical support team to fix issues.",medium
"We provide a clear and easy-to-use privacy management center.",safe
"We reserve the right to sell your personal information to third parties.",high
"We use your data to communicate with you about your account.",medium
"We do not use your data for any marketing or advertising purposes.",safe
"We may share your data with government agencies without a warrant.",high
"Your data is shared with our payment processing partner.",medium
"We provide a high level of transparency regarding our data practices.",safe
"We reserve the right to use your data to target you with specific ads.",high
"We use your data to maintain and improve our website and services.",medium
"We do not track your online activity across other websites or apps.",safe
"We may share your data with advertising partners to show you targeted ads.",high
"Your data is shared with our internal marketing team.",medium
"We provide a way to request that your data be deleted.",safe
"We reserve the right to use your data to create a profile of you.",high
"We use your data to provide you with the services you requested.",medium
"We do not use your data for any purposes other than providing the service.",safe
"We may share your data with third parties for their own marketing purposes.",high
"Your data is shared with our internal product development team.",medium
"We provide a way to request a copy of your personal data.",safe
"We reserve the right to sell your data to any interested party.",high
"We use your data to understand how people use our service.",medium
"We do not share your data with any third parties without your consent.",safe
"We may share your data with our affiliates for marketing purposes.",high
"Your data is shared with our internal security team.",medium
"We provide a way to opt-out of having your data used for marketing.",safe
"We reserve the right to use your data to target you with ads.",high
"We use your data to provide you with support and assistance.",medium
"We do not sell your personal information to third parties.",safe
"We may share your data with law enforcement agencies upon request.",high
"Your data is shared with our internal finance team.",medium
"We provide a way to request that your data be corrected.",safe
"We reserve the right to use your data for any purpose whatsoever.",high
"We use your data to improve our website and user experience.",medium
"We do not share your data with third parties for their own use.",safe
"We may share your data with our business partners for marketing.",high
"Your data is shared with our internal legal team.",medium
"We provide a way to opt-out of data collection for analytics.",safe
"We reserve the right to sell your contact info to third parties.",high
"We use your data to provide you with important service updates.",medium
"We do not use your data for targeted advertising purposes.",safe
"We may share your data with third-party service providers.",high
"Your data is shared with our internal operations team.",medium
"We provide a way to request that your data be erased.",safe
"We reserve the right to use your data for commercial purposes.",high
"We use your data to troubleshoot and fix technical issues.",medium
"We do not share your data with advertisers without your permission.",safe
"We may share your data with social media platforms for advertising.",high
"Your data is shared with our internal data processing team.",medium
"We provide a way to opt-out of all non-essential communications.",safe
"We reserve the right to share your data with any third party.",high
"We use your data to send you promotional offers and news.",medium
"We do not sell, trade, or rent your personal data to others.",safe
"We may share your data with marketing companies for their use.",high
"Your data is shared with our internal customer service team.",medium
"We provide a way to request access to your personal information.",safe
"We reserve the right to use your data to show you personalized ads.",high
"We use your data to provide you with a personalized experience.",medium
"We do not share your data with anyone for marketing purposes.",safe
"We may share your data with third-party partners for marketing.",high
"Your data is shared with our internal management team.",medium
"We provide a way to opt-out of data sharing with third parties.",safe
"We reserve the right to sell your data to marketing companies.",high
"We use your data to provide and improve our service to you.",medium
"We do not share your personal info with third parties for profit.",safe
"We may share your data with advertising networks for their use.",high
"Your data is shared with our internal research and development team.",medium
"We provide a way to request that your personal data be updated.",safe
"We reserve the right to use your data for market research purposes.",high
"We use your data to help us understand and improve our service.",medium
"We do not use your data for any commercial purposes without consent.",safe
"We may share your data with third parties for advertising purposes.",high
"Your data is shared with our internal administrative team.",medium
"We provide a way to opt-out of having your data sold to third parties.",safe
"We reserve the right to share your data with marketing partners.",high
"We use your data to provide you with the best possible service.",medium
"We do not sell your personal data to any outside parties.",safe
"We may share your data with third parties for any reason.",high
"Your data is shared with our internal analytics and research team.",medium
"We provide a way to request that your data be permanently deleted.",safe
"We reserve the right to use your data to show you targeted content.",high
"We use your data to provide and maintain our services to you.",medium
"We do not share your data with anyone for any reason without consent.",safe
"We may share your data with advertising companies for their own use.",high
"Your data is shared with our internal data management team.",medium
"We provide a way to opt-out of all data collection and processing.",safe
"We may share your credit score with third-party lenders to pre-approve you for high-interest loans.",high
"Your health data is shared with pharmaceutical companies for targeted drug marketing.",high
"We use bank-level AES-256 encryption to protect all financial transactions.",safe
"We may use your transaction history to determine your insurance premium rates.",high
"We store your blood type and genetic data for an indefinite period.",high
"Your medical records may be accessed by our 'research partners' without additional consent.",high
"We do not store your online banking credentials on our local servers.",safe
"Failure to pay fees allows us to report your personal data to public debt registries.",medium
"We use your heart rate data from wearable devices to suggest fitness products.",medium
"You can revoke access to your linked bank accounts at any time through the dashboard.",safe
"We may sell your pharmacy purchase history to healthcare analytics firms.",high
"Your financial data is used to build a profile for automated credit-limit decisions.",high
"We comply with the Health Insurance Portability and Accountability Act (HIPAA).",safe
"We may share your physical location with banks to prevent card fraud.",medium
"We reserve the right to freeze your funds for any suspicious activity without prior notice.",high
"All medical consultations are strictly confidential and not recorded.",safe
"We use your income level to show you relevant investment opportunities.",medium
"Your DNA data may be shared with law enforcement without a specific warrant.",high
"We offer a clear 'Right to be Forgotten' for all medical history not required by law.",safe
"We may use your health risks to deny you access to certain life insurance products.",high
"We use cookies to remember your preferred currency settings.",safe
"Your investment portfolio is visible to our internal wealth management team.",medium
"We do not sell your medical diagnosis to any third-party advertisers.",safe
"We may analyze your mental health status based on your app interactions.",high
"By using this service, you agree to waive all claims of medical malpractice.",high
"We send transaction alerts via SMS for every purchase made.",safe
"Your credit card data is handled by a PCI-DSS compliant payment gateway.",safe
"We may share your browsing habits with your health insurance provider.",high
"We use your age and gender to calculate your body mass index (BMI).",medium
"You can download a history of all financial statements in PDF format.",safe
"We may disclose your HIV status or other sensitive conditions to our affiliates.",high
"We use your banking data to provide automated budgeting insights.",medium
"We never ask for your PIN or CVV through email or phone.",safe
"We may record your therapy sessions for 'training and quality' purposes.",high
"Your financial risk profile is shared with our global corporate group.",medium
"You have the right to correct any errors in your medical record.",safe
"We may sell your data to brokers who specialize in financial vulnerability.",high
"We use aggregated healthcare data to publish public health trends.",medium
"We provide an audit log showing who has accessed your medical file.",safe
"We reserve the right to share your health data with your employer.",high
"Your payroll data is used to verify your employment status.",medium
"We do not track your purchases outside of our specific marketplace.",safe
"We may use your genetic markers to predict future illness for marketing purposes.",high
"We use your credit history to personalize the interest rates we offer you.",medium
"We encrypt all patient-doctor communications end-to-end.",safe
"We may sell your mortgage details to real estate marketing firms.",high
"Your data is used to comply with 'Know Your Customer' (KYC) regulations.",medium
"We do not share your health data with any social media platforms.",safe
"We may share your psychological profile with potential recruiters.",high
"We use your billing address to calculate regional healthcare taxes.",medium
"You can opt-out of sharing data with our clinical research partners.",safe
"We reserve the right to sell your entire financial history if the company is liquidated.",high
"We use non-identifiable health data for our internal R&D.",medium
"All sensitive data is stored in air-gapped servers for maximum security.",safe
"We may use your biometric voiceprint to authorize high-value wire transfers.",high
"Your transaction metadata is used to improve our fraud detection algorithms.",medium
"We provide a dedicated privacy officer for all health-related data queries.",safe
"We may share your drug prescription history with wellness influencers.",high
"Your data is shared with our clearinghouse for transaction processing.",medium
"We only collect the medical data required for your specific treatment.",safe
"We reserve the right to sell your data to sub-prime lending networks.",high
"We use your weight and height to provide personalized exercise plans.",medium
"We do not use your financial data for any advertising purposes.",safe
"We may share your health data with government surveillance programs.",high
"Your data is used to generate an annual summary of your spending habits.",medium
"We implement 2FA for all access to sensitive medical portals.",safe
"We may use your data to determine if you are a 'high-cost' patient.",high
"Your credit limit is adjusted based on your social media activity.",high
"We do not store your fingerprints; we only store a mathematical hash.",safe
"We may share your data with 'alternative' credit scoring companies.",high
"We use your contact list to verify your identity through social circles.",medium
"You have the right to a physical copy of your medical data.",safe
"We may sell your health information to data aggregators for 'big data' research.",high
"Your bank account balance is checked daily for 'account maintenance'.",medium
"We use SSL encryption for all patient portal logins.",safe
"We reserve the right to share your data with your life insurance company.",high
"Your data is shared with our offshore support team for technical assistance.",medium
"We do not use your medical data for any commercial automated decisions.",safe
"We may use your data to target you with funeral and end-of-life services.",high
"We use your transaction history to provide cash-back rewards.",medium
"We offer an easy 'Delete All' option for your financial history.",safe
"We may share your data with companies that track your 'health score'.",high
"Your information is stored in a HIPAA-compliant cloud environment.",medium
"We do not share your financial information with your family members.",safe
"We reserve the right to monitor your financial activity for 'illegal' behavior.",high
"We use your health goals to send you motivational reminders.",medium
"All data transfers are protected by a hardware security module (HSM).",safe
"We may sell your health data to third parties who develop genetic tests.",high
"Your data is used to reconcile your accounts at the end of the month.",medium
"We do not use your financial data to build a profile of your lifestyle.",safe
"We may use your health data to determine your eligibility for clinical trials.",high
"We share your data with our auditing firm for regulatory compliance.",medium
"You can choose to share your medical data with your primary care doctor.",safe
"We reserve the right to disclose your financial status to your landlord.",high
"We use your birth date to verify you are old enough for a bank account.",medium
"We do not share your health data with marketing agencies.",safe
"We may use your data to predict your likelihood of insurance fraud.",high
"Your data is shared with our cloud-based accounting software.",medium
"We use tokens instead of card numbers to prevent data theft.",safe
"We may share your health data with your health club or gym.",high
"Your data is used to provide you with a credit score update.",medium
"We provide a clear summary of all data shared with financial partners.",safe
"We may sell your data to companies that provide predatory loans.",high
"We use your data to prevent money laundering on our platform.",medium
"We do not use your health data for any profile-building.",safe
"We may share your data with companies that provide background checks.",high
"Your data is used to help you save money on your monthly bills.",medium
"We provide an easy way to export your health data to other apps.",safe
"We reserve the right to share your data with debt collection agencies.",high
"We use your data to verify your identity during a phone call.",medium
"We do not share your financial data with any other companies.",safe
"We may use your data to target you with medical-related ads.",high
"Your data is used to provide you with customized investment advice.",medium
"We use advanced firewalls to protect your sensitive financial data.",safe
"We may share your data with companies that track your 'fitness level'.",high
"Your data is used to process your medical insurance claims.",medium
"We do not use your data for any third-party marketing purposes.",safe
"We reserve the right to share your data with any government agency.",high
"We use your data to send you alerts about your health and wellness.",medium
"We provide a clear and concise summary of our privacy practices.",safe
"We may sell your data to companies that target people with debt.",high
"Your data is used to provide you with a personalized financial plan.",medium
"We do not use your medical data for any type of advertising.",safe
"We may share your data with companies that provide identity protection.",high
"Your data is used to provide you with a summary of your health.",medium
"We use industry-standard encryption to protect all your data.",safe
"We reserve the right to share your data with our marketing partners.",high
"We use your data to provide you with a personalized experience.",medium
"We do not share your data with anyone for any reason.",safe
"We may use your data to target you with ads for financial products.",high
"Your data is used to provide you with a customized health plan.",medium
"We provide a simple way to opt-out of all data collection.",safe
"We reserve the right to share your data with our business partners.",high
"We use your data to provide you with the best possible service.",medium
"We do not sell your data to anyone for any purpose.",safe
"We may share your data with advertising networks to show you ads.",high
"Your data is used to provide you with a personalized service.",medium
"We provide a clear and easy-to-read privacy policy.",safe
"We reserve the right to share your data with any third party.",high
"We use your data to help us improve our products and services.",medium
"We do not share your data with advertisers without your consent.",safe
"We may use your data to target you with ads for medical products.",high
"Your data is used to provide you with a personalized health report.",medium
"We provide a simple way to access and delete your personal data.",safe
"We reserve the right to share your data with our affiliates.",high
"We use your data to provide you with a personalized financial report.",medium
"We do not use your data for any marketing purposes.",safe
"We may share your data with third-party partners for marketing.",high
"Your data is used to provide you with a personalized health plan.",medium
"We provide an easy way to manage your privacy settings.",safe
"We reserve the right to sell your data to any interested party.",high
"We use your data to understand how people use our service.",medium
"We do not share your data with anyone for marketing purposes.",safe
"We may share your data with marketing companies for their use.",high
"Your data is used to provide you with a personalized experience.",medium
"We provide a way to request that your data be erased.",safe
"We reserve the right to use your data for any purpose whatsoever.",high
"We use your data to improve our website and user experience.",medium
"We do not share your data with third parties for their own use.",safe
"We may share your data with our business partners for marketing.",high
"Your data is shared with our internal legal team.",medium
"We provide a way to opt-out of data collection for analytics.",safe
"We reserve the right to sell your contact info to third parties.",high
"We use your data to provide you with important service updates.",medium
"We do not use your data for targeted advertising purposes.",safe
"We may share your data with third-party service providers.",high
"Your data is shared with our internal operations team.",medium
"We provide a way to request that your data be corrected.",safe
"We reserve the right to use your data for commercial purposes.",high
"We use your data to troubleshoot and fix technical issues.",medium
"We do not share your data with advertisers without your permission.",safe
"We may share your data with social media platforms for advertising.",high
"Your data is shared with our internal data processing team.",medium
"We provide a way to opt-out of all non-essential communications.",safe
"We reserve the right to share your data with any third party.",high
"We use your data to send you promotional offers and news.",medium
"We do not sell, trade, or rent your personal data to others.",safe
"We may share your data with marketing companies for their use.",high
"Your data is shared with our internal customer service team.",medium
"We provide a way to request access to your personal information.",safe
"We reserve the right to use your data to show you personalized ads.",high
"We use your data to provide you with a personalized experience.",medium
"We do not share your data with anyone for marketing purposes.",safe
"We may share your data with third-party partners for marketing.",high
"Your data is shared with our internal management team.",medium
"We provide a way to opt-out of data sharing with third parties.",safe
"We reserve the right to sell your data to marketing companies.",high
"We use your data to provide and improve our service to you.",medium
"We do not share your personal info with third parties for profit.",safe
"We may share your data with advertising networks for their use.",high
"Your data is shared with our internal research and development team.",medium
"We provide a way to request that your personal data be updated.",safe
"We reserve the right to use your data for market research purposes.",high
"We use your data to help us understand and improve our service.",medium
"We do not use your data for any commercial purposes without consent.",safe
"We may share your data with third parties for advertising purposes.",high
"Your data is shared with our internal administrative team.",medium
"We provide a way to opt-out of having your data sold to third parties.",safe
"We reserve the right to share your data with marketing partners.",high
"We use your data to provide you with the best possible service.",medium
"We do not sell your personal data to any outside parties.",safe
"We may share your data with third parties for any reason.",high
"Your data is shared with our internal analytics and research team.",medium
"We provide a way to request that your data be permanently deleted.",safe